Source Node,Target Node,Interaction Type,Interaction Frequency,Last Interaction Date
218,323,Share,18,2025-03-19 14:15:03.564693
253,145,Like,12,2025-03-29 14:15:03.564717
127,290,Like,6,2024-11-15 14:15:03.564725
464,245,Comment,7,2024-09-02 14:15:03.564730
103,338,Share,9,2024-11-23 14:15:03.564734
394,462,Like,16,2025-03-14 14:15:03.564739
639,213,Like,19,2024-11-20 14:15:03.564744
685,423,Comment,16,2024-05-18 14:15:03.564750
435,632,Comment,19,2024-05-21 14:15:03.564759
4,4,Share,8,2024-06-22 14:15:03.564768
468,32,Share,13,2024-06-22 14:15:03.564776
443,684,Comment,2,2024-07-28 14:15:03.564783
275,285,Comment,13,2024-10-17 14:15:03.564791
558,3,Share,8,2024-08-11 14:15:03.564798
320,511,Like,9,2024-05-29 14:15:03.564807
85,445,Share,18,2024-10-19 14:15:03.564813
546,248,Like,11,2024-06-24 14:15:03.564821
18,663,Comment,6,2025-03-21 14:15:03.564829
94,234,Like,15,2025-03-08 14:15:03.564838
158,348,Comment,14,2025-02-19 14:15:03.564846
412,517,Share,12,2025-04-23 14:15:03.564853
622,62,Share,3,2024-07-14 14:15:03.564862
389,130,Comment,17,2024-10-16 14:15:03.564868
26,109,Share,13,2025-04-17 14:15:03.564872
110,582,Like,12,2024-11-13 14:15:03.564879
662,274,Like,15,2025-03-29 14:15:03.564888
150,472,Share,4,2025-02-11 14:15:03.564896
22,363,Like,2,2024-07-03 14:15:03.564904
14,414,Comment,17,2025-01-10 14:15:03.564911
257,469,Comment,8,2024-09-27 14:15:03.564919
499,577,Like,4,2025-03-21 14:15:03.564927
606,354,Like,14,2024-06-02 14:15:03.564935
537,569,Like,19,2024-09-06 14:15:03.564941
211,338,Like,15,2025-01-20 14:15:03.564946
289,651,Share,14,2025-03-14 14:15:03.564952
10,332,Share,9,2025-04-23 14:15:03.564959
276,123,Share,15,2024-06-06 14:15:03.564966
618,656,Like,11,2024-12-26 14:15:03.564973
173,98,Share,13,2024-10-11 14:15:03.564980
360,525,Share,19,2025-02-20 14:15:03.564988
425,538,Share,19,2024-06-22 14:15:03.564995
434,191,Like,2,2024-07-13 14:15:03.565004
400,85,Like,5,2025-02-07 14:15:03.565012
440,125,Share,4,2024-09-15 14:15:03.565037
388,365,Comment,18,2024-07-23 14:15:03.565046
515,7,Comment,4,2024-05-16 14:15:03.565056
391,59,Like,17,2024-07-03 14:15:03.565063
362,636,Share,17,2025-03-30 14:15:03.565068
262,374,Comment,7,2025-01-09 14:15:03.565073
409,150,Share,15,2024-12-07 14:15:03.565078
396,568,Like,15,2025-01-02 14:15:03.565082
551,252,Comment,14,2024-12-24 14:15:03.565089
678,496,Like,8,2024-07-06 14:15:03.565097
32,215,Like,18,2024-09-06 14:15:03.565105
646,140,Like,12,2025-04-09 14:15:03.565113
55,545,Like,11,2024-11-15 14:15:03.565121
313,4,Comment,9,2024-07-20 14:15:03.565129
667,597,Share,19,2025-03-18 14:15:03.565137
637,178,Like,5,2024-10-28 14:15:03.565142
269,38,Share,12,2024-12-28 14:15:03.565149
629,42,Share,2,2024-12-28 14:15:03.565171
154,415,Comment,1,2024-12-22 14:15:03.565177
149,342,Like,11,2025-02-06 14:15:03.565182
681,296,Share,5,2024-11-08 14:15:03.565187
513,366,Like,14,2024-10-12 14:15:03.565195
446,510,Like,5,2025-01-03 14:15:03.565204
134,354,Comment,4,2024-10-30 14:15:03.565213
432,395,Share,19,2024-12-29 14:15:03.565221
246,511,Like,9,2024-06-08 14:15:03.565229
564,690,Like,10,2024-10-04 14:15:03.565233
523,250,Comment,18,2024-07-05 14:15:03.565238
618,131,Comment,3,2024-11-03 14:15:03.565242
485,42,Share,14,2025-04-24 14:15:03.565247
288,266,Like,8,2024-06-24 14:15:03.565251
298,47,Share,10,2024-10-12 14:15:03.565256
381,539,Like,16,2024-10-14 14:15:03.565261
113,304,Comment,1,2024-10-28 14:15:03.565269
679,656,Comment,19,2024-10-04 14:15:03.565277
55,174,Comment,14,2024-08-27 14:15:03.565283
679,343,Like,16,2024-12-05 14:15:03.565288
511,257,Like,6,2024-11-17 14:15:03.565293
25,516,Comment,6,2024-11-01 14:15:03.565297
167,162,Comment,10,2025-04-13 14:15:03.565304
425,81,Share,6,2024-11-27 14:15:03.565312
77,544,Comment,4,2024-08-11 14:15:03.565320
632,690,Share,8,2025-03-12 14:15:03.565328
268,314,Share,5,2025-04-01 14:15:03.565336
110,164,Share,10,2024-05-26 14:15:03.565343
294,232,Like,9,2025-02-10 14:15:03.565351
213,203,Like,9,2024-06-19 14:15:03.565356
17,303,Comment,16,2025-01-25 14:15:03.565360
520,695,Comment,3,2025-01-18 14:15:03.565365
425,186,Share,19,2025-03-12 14:15:03.565370
278,401,Like,11,2025-01-12 14:15:03.565378
566,233,Share,6,2024-07-21 14:15:03.565385
143,195,Share,7,2025-02-21 14:15:03.565393
370,654,Like,16,2024-06-10 14:15:03.565401
479,5,Share,9,2025-01-27 14:15:03.565408
508,319,Comment,7,2024-12-22 14:15:03.565415
608,542,Share,11,2024-07-19 14:15:03.565420
84,640,Like,4,2024-05-29 14:15:03.565424
312,47,Share,11,2024-12-13 14:15:03.565429
539,338,Like,5,2024-05-08 14:15:03.565434
89,31,Like,8,2024-05-22 14:15:03.565439
307,63,Like,4,2025-04-16 14:15:03.565444
545,698,Like,16,2024-07-27 14:15:03.565448
294,677,Comment,17,2024-12-23 14:15:03.565453
363,39,Like,13,2024-06-18 14:15:03.565457
32,163,Share,10,2024-07-25 14:15:03.565462
103,176,Share,18,2024-06-01 14:15:03.565478
695,575,Like,15,2024-06-27 14:15:03.565483
298,256,Comment,6,2025-02-23 14:15:03.565488
448,170,Comment,3,2025-03-29 14:15:03.565492
263,323,Like,7,2024-06-19 14:15:03.565497
1,409,Comment,15,2024-06-28 14:15:03.565501
223,313,Share,7,2024-08-23 14:15:03.565506
517,519,Comment,8,2024-07-15 14:15:03.565510
376,516,Like,7,2025-01-28 14:15:03.565515
602,477,Comment,8,2025-03-29 14:15:03.565520
86,192,Comment,7,2024-11-27 14:15:03.565524
697,386,Like,3,2024-06-03 14:15:03.565528
333,599,Share,5,2024-12-31 14:15:03.565533
325,71,Like,13,2025-01-04 14:15:03.565538
669,675,Share,17,2024-12-27 14:15:03.565542
523,104,Like,9,2024-06-20 14:15:03.565547
154,180,Share,18,2024-06-11 14:15:03.565551
294,524,Share,5,2025-03-08 14:15:03.565556
640,73,Like,16,2024-08-17 14:15:03.565560
45,429,Share,1,2024-12-30 14:15:03.565566
427,660,Comment,9,2024-08-31 14:15:03.565572
146,327,Share,12,2024-05-29 14:15:03.565579
250,694,Comment,17,2024-09-08 14:15:03.565587
85,321,Share,3,2024-06-02 14:15:03.565595
581,171,Share,9,2024-10-08 14:15:03.565599
413,382,Comment,6,2024-08-19 14:15:03.565604
489,639,Share,5,2025-03-08 14:15:03.565609
197,484,Comment,13,2024-05-26 14:15:03.565613
695,332,Comment,1,2024-06-15 14:15:03.565618
51,96,Share,16,2024-08-15 14:15:03.565622
34,56,Share,6,2024-09-21 14:15:03.565627
368,184,Share,11,2024-06-21 14:15:03.565631
339,599,Comment,4,2024-08-22 14:15:03.565636
342,58,Share,19,2024-12-06 14:15:03.565640
650,641,Share,14,2024-06-20 14:15:03.565645
290,405,Comment,3,2025-04-25 14:15:03.565649
138,536,Share,9,2024-07-25 14:15:03.565654
681,395,Like,3,2025-02-07 14:15:03.565658
521,506,Share,1,2024-04-30 14:15:03.565663
313,139,Share,7,2024-04-30 14:15:03.565671
284,620,Share,2,2025-03-13 14:15:03.565676
162,571,Like,15,2024-12-06 14:15:03.565682
494,518,Like,1,2025-01-30 14:15:03.565686
435,178,Share,11,2024-05-22 14:15:03.565691
359,607,Like,12,2024-10-31 14:15:03.565695
142,179,Comment,15,2024-09-11 14:15:03.565700
73,442,Share,17,2024-06-08 14:15:03.565704
413,11,Share,18,2024-11-06 14:15:03.565709
52,589,Like,11,2025-04-19 14:15:03.565714
141,7,Like,11,2025-02-23 14:15:03.565718
102,119,Share,10,2024-10-01 14:15:03.565723
143,280,Comment,13,2025-04-12 14:15:03.565727
264,185,Like,11,2024-08-31 14:15:03.565732
212,480,Share,4,2024-10-07 14:15:03.565736
93,477,Share,1,2024-11-16 14:15:03.565741
97,262,Comment,18,2025-04-03 14:15:03.565745
153,99,Comment,6,2024-10-24 14:15:03.565750
304,327,Like,19,2025-01-07 14:15:03.565754
689,579,Comment,13,2024-12-25 14:15:03.565759
442,620,Share,17,2024-11-03 14:15:03.565763
505,591,Share,12,2025-01-18 14:15:03.565768
108,177,Share,14,2025-01-15 14:15:03.565774
138,473,Share,13,2024-06-23 14:15:03.565782
642,128,Comment,16,2025-04-11 14:15:03.565790
456,30,Like,15,2024-12-06 14:15:03.565797
385,437,Comment,4,2024-05-20 14:15:03.565802
455,364,Like,14,2024-08-17 14:15:03.565807
647,175,Comment,14,2024-05-28 14:15:03.565811
218,2,Share,11,2024-09-18 14:15:03.565816
239,647,Comment,18,2024-07-19 14:15:03.565820
403,224,Comment,4,2025-02-04 14:15:03.565825
62,181,Comment,6,2024-09-29 14:15:03.565829
389,690,Comment,3,2025-04-05 14:15:03.565834
199,195,Comment,15,2024-06-26 14:15:03.565838
275,698,Like,2,2025-01-08 14:15:03.565843
231,1,Like,4,2025-04-06 14:15:03.565848
478,604,Share,11,2025-02-20 14:15:03.565852
566,175,Comment,17,2025-04-15 14:15:03.565856
256,494,Comment,11,2025-04-17 14:15:03.565861
122,677,Share,6,2025-02-27 14:15:03.565866
452,489,Share,18,2024-05-12 14:15:03.565870
50,673,Comment,18,2024-05-18 14:15:03.565875
459,406,Comment,19,2025-03-09 14:15:03.565879
286,101,Share,14,2024-10-02 14:15:03.565884
444,675,Comment,19,2024-12-02 14:15:03.565888
14,588,Share,5,2024-06-27 14:15:03.565893
398,538,Comment,1,2024-09-01 14:15:03.565897
449,213,Share,16,2024-05-13 14:15:03.565903
664,83,Like,15,2024-06-25 14:15:03.565910
692,79,Share,12,2025-04-13 14:15:03.565919
180,487,Share,12,2025-01-02 14:15:03.565927
483,358,Comment,11,2024-12-27 14:15:03.565934
597,660,Comment,6,2024-12-29 14:15:03.565942
678,128,Like,13,2025-04-18 14:15:03.565951
182,142,Like,9,2024-08-28 14:15:03.565958
595,102,Share,9,2024-08-04 14:15:03.565966
696,97,Like,10,2024-10-10 14:15:03.565973
21,255,Share,16,2025-04-05 14:15:03.565978
409,150,Share,3,2024-12-06 14:15:03.565985
254,276,Share,18,2025-03-23 14:15:03.565993
497,150,Share,19,2024-10-10 14:15:03.566001
526,569,Like,15,2025-01-31 14:15:03.566009
6,43,Like,5,2024-09-20 14:15:03.566017
470,2,Share,13,2024-11-04 14:15:03.566027
580,424,Like,10,2024-06-18 14:15:03.566035
50,575,Share,14,2024-05-12 14:15:03.566057
482,363,Comment,19,2025-01-21 14:15:03.566065
343,589,Share,9,2025-04-15 14:15:03.566073
177,378,Comment,19,2024-08-05 14:15:03.566081
112,474,Share,12,2024-10-10 14:15:03.566089
38,591,Share,17,2024-10-09 14:15:03.566097
589,543,Share,15,2024-12-18 14:15:03.566105
273,447,Share,5,2024-12-21 14:15:03.566112
448,693,Comment,17,2024-06-19 14:15:03.566120
256,672,Like,3,2024-12-14 14:15:03.566126
382,30,Share,9,2024-08-19 14:15:03.566131
362,321,Share,1,2025-04-25 14:15:03.566135
384,240,Like,11,2024-06-22 14:15:03.566140
568,22,Share,16,2024-09-15 14:15:03.566144
670,548,Like,1,2025-03-18 14:15:03.566151
457,34,Share,7,2025-03-30 14:15:03.566159
201,436,Comment,8,2024-07-25 14:15:03.566167
552,677,Comment,17,2024-11-17 14:15:03.566176
195,534,Comment,9,2024-07-28 14:15:03.566184
279,190,Comment,1,2025-02-02 14:15:03.566191
252,668,Comment,17,2025-02-01 14:15:03.566196
34,687,Comment,17,2024-07-14 14:15:03.566204
85,604,Like,11,2024-09-18 14:15:03.566212
333,130,Like,2,2024-08-22 14:15:03.566219
671,109,Share,15,2025-03-10 14:15:03.566223
460,548,Share,9,2024-08-09 14:15:03.566228
116,182,Share,7,2024-11-05 14:15:03.566232
282,643,Share,3,2024-08-16 14:15:03.566237
531,367,Share,11,2025-04-21 14:15:03.566245
201,486,Like,19,2024-10-03 14:15:03.566253
610,475,Share,8,2024-05-18 14:15:03.566261
404,497,Share,9,2025-01-23 14:15:03.566269
212,148,Share,8,2024-08-31 14:15:03.566278
589,502,Share,3,2024-05-23 14:15:03.566286
607,2,Share,15,2025-03-14 14:15:03.566295
270,344,Comment,9,2024-08-29 14:15:03.566304
460,396,Comment,6,2025-03-11 14:15:03.566311
130,123,Comment,19,2025-04-10 14:15:03.566316
624,32,Like,15,2025-02-22 14:15:03.566320
396,542,Comment,16,2025-01-16 14:15:03.566325
140,592,Share,18,2024-08-24 14:15:03.566329
176,318,Comment,8,2024-12-08 14:15:03.566334
462,143,Like,15,2024-06-13 14:15:03.566343
183,48,Like,6,2025-02-21 14:15:03.566351
40,457,Share,2,2024-10-03 14:15:03.566360
604,681,Share,8,2024-06-06 14:15:03.566368
634,347,Comment,3,2025-02-03 14:15:03.566376
414,45,Share,5,2024-08-14 14:15:03.566381
148,372,Like,15,2024-07-13 14:15:03.566387
63,427,Like,11,2024-06-14 14:15:03.566395
77,580,Share,4,2024-08-15 14:15:03.566403
26,419,Like,1,2024-11-14 14:15:03.566409
534,631,Comment,17,2025-04-18 14:15:03.566413
215,572,Like,1,2024-11-22 14:15:03.566418
588,408,Share,2,2024-06-28 14:15:03.566422
60,587,Like,19,2024-11-16 14:15:03.566431
449,78,Share,17,2024-11-13 14:15:03.566439
41,276,Share,9,2024-07-15 14:15:03.566447
431,18,Like,1,2024-12-06 14:15:03.566455
299,342,Comment,19,2025-02-11 14:15:03.566463
256,325,Comment,8,2024-10-15 14:15:03.566471
583,102,Comment,3,2024-06-01 14:15:03.566479
67,406,Like,13,2024-05-11 14:15:03.566484
275,523,Share,18,2024-06-04 14:15:03.566488
299,476,Share,8,2024-11-01 14:15:03.566493
17,302,Comment,15,2024-09-10 14:15:03.566497
162,214,Share,6,2024-11-09 14:15:03.566502
535,294,Comment,6,2024-12-27 14:15:03.566506
603,490,Like,19,2024-08-06 14:15:03.566510
585,105,Like,6,2024-10-14 14:15:03.566515
696,596,Comment,7,2024-07-23 14:15:03.566519
100,498,Comment,10,2024-10-25 14:15:03.566524
102,107,Share,9,2025-02-21 14:15:03.566528
153,509,Share,13,2024-08-03 14:15:03.566533
153,216,Comment,16,2024-06-04 14:15:03.566538
579,434,Comment,7,2024-06-13 14:15:03.566542
444,189,Like,15,2024-07-29 14:15:03.566547
90,327,Share,18,2025-03-07 14:15:03.566551
429,496,Like,3,2024-10-15 14:15:03.566556
558,175,Like,4,2024-12-01 14:15:03.566560
356,45,Share,11,2024-10-19 14:15:03.566565
2,671,Like,8,2024-09-30 14:15:03.566569
326,458,Share,9,2025-02-02 14:15:03.566574
502,413,Like,3,2024-05-03 14:15:03.566578
400,61,Share,4,2025-02-08 14:15:03.566583
405,216,Like,6,2024-09-19 14:15:03.566587
678,481,Share,18,2025-04-19 14:15:03.566592
7,644,Comment,1,2024-05-29 14:15:03.566596
433,3,Like,13,2025-01-28 14:15:03.566601
499,218,Like,7,2024-10-08 14:15:03.566605
218,84,Share,7,2024-12-20 14:15:03.566610
572,472,Like,19,2024-06-30 14:15:03.566614
560,240,Comment,1,2024-07-06 14:15:03.566619
61,41,Comment,8,2025-01-21 14:15:03.566623
35,121,Share,13,2024-06-17 14:15:03.566629
159,157,Share,2,2024-06-04 14:15:03.566636
378,355,Like,3,2024-08-05 14:15:03.566641
602,384,Like,17,2024-06-24 14:15:03.566646
578,193,Comment,7,2024-11-04 14:15:03.566650
422,601,Comment,19,2024-06-10 14:15:03.566655
653,374,Comment,4,2025-03-21 14:15:03.566659
170,368,Like,11,2024-05-28 14:15:03.566664
19,194,Like,4,2024-07-23 14:15:03.566668
642,510,Comment,4,2024-10-31 14:15:03.566673
17,340,Share,12,2025-03-04 14:15:03.566677
568,409,Share,10,2024-07-23 14:15:03.566682
482,566,Like,19,2024-05-17 14:15:03.566687
225,66,Share,10,2024-05-19 14:15:03.566691
93,126,Like,19,2025-01-04 14:15:03.566696
225,602,Like,9,2024-10-19 14:15:03.566700
560,72,Share,2,2025-02-14 14:15:03.566705
480,396,Like,1,2024-05-07 14:15:03.566709
530,403,Comment,10,2025-02-08 14:15:03.566714
585,392,Share,3,2025-04-10 14:15:03.566719
26,627,Comment,7,2024-05-31 14:15:03.566723
76,389,Comment,10,2024-10-01 14:15:03.566728
236,111,Share,4,2024-09-25 14:15:03.566732
635,629,Comment,8,2024-12-21 14:15:03.566737
457,108,Comment,13,2025-02-22 14:15:03.566741
688,175,Comment,3,2025-03-28 14:15:03.566745
531,109,Like,12,2024-10-31 14:15:03.566750
329,68,Like,1,2025-04-13 14:15:03.566754
360,667,Share,17,2024-05-29 14:15:03.566759
57,95,Like,3,2024-11-05 14:15:03.566764
302,692,Share,18,2025-01-12 14:15:03.566768
682,511,Share,16,2024-07-19 14:15:03.566773
348,77,Share,13,2025-03-31 14:15:03.566777
504,10,Comment,2,2025-01-17 14:15:03.566782
399,182,Comment,18,2025-01-05 14:15:03.566786
158,437,Like,19,2024-10-05 14:15:03.566791
645,528,Share,15,2024-08-02 14:15:03.566795
317,522,Share,15,2025-04-18 14:15:03.566800
123,112,Share,7,2025-01-17 14:15:03.566804
692,377,Share,11,2024-09-25 14:15:03.566809
343,450,Comment,5,2024-05-24 14:15:03.566814
130,448,Like,9,2025-04-20 14:15:03.566818
462,364,Share,5,2024-08-19 14:15:03.566823
180,194,Comment,17,2024-12-22 14:15:03.566827
282,144,Comment,2,2024-09-05 14:15:03.566832
359,100,Comment,9,2025-02-23 14:15:03.566837
364,357,Like,12,2024-09-04 14:15:03.566842
189,223,Comment,12,2024-12-22 14:15:03.566847
602,44,Comment,13,2024-09-12 14:15:03.566854
262,586,Share,9,2024-05-05 14:15:03.566861
594,453,Like,8,2025-03-01 14:15:03.566869
450,36,Comment,8,2024-06-11 14:15:03.566877
31,25,Share,6,2024-07-06 14:15:03.566886
446,583,Share,8,2024-09-05 14:15:03.566891
468,691,Comment,12,2024-09-24 14:15:03.566895
557,152,Comment,5,2024-05-07 14:15:03.566900
288,698,Comment,6,2025-03-22 14:15:03.566904
334,683,Comment,9,2024-06-21 14:15:03.566909
657,103,Comment,4,2024-09-19 14:15:03.566914
392,17,Share,12,2024-08-19 14:15:03.566918
689,266,Like,8,2025-03-31 14:15:03.566922
636,267,Like,15,2024-09-15 14:15:03.566927
649,150,Share,4,2025-03-09 14:15:03.566935
399,217,Comment,3,2024-08-17 14:15:03.566944
422,258,Comment,14,2024-07-18 14:15:03.566950
529,617,Share,4,2024-08-07 14:15:03.566955
593,532,Share,2,2024-12-07 14:15:03.566960
599,52,Like,11,2024-07-24 14:15:03.566964
256,628,Share,13,2024-07-13 14:15:03.566969
16,168,Share,14,2024-09-27 14:15:03.566977
678,452,Share,5,2025-02-20 14:15:03.566984
567,322,Share,5,2024-08-27 14:15:03.566992
155,291,Like,4,2024-12-08 14:15:03.566998
698,659,Like,11,2025-02-24 14:15:03.567002
167,367,Share,16,2024-09-26 14:15:03.567007
654,532,Comment,18,2024-05-29 14:15:03.567011
95,296,Like,9,2024-05-04 14:15:03.567016
274,117,Comment,4,2025-02-08 14:15:03.567020
414,524,Like,12,2025-04-01 14:15:03.567025
342,122,Comment,15,2024-05-06 14:15:03.567029
121,551,Share,16,2024-07-06 14:15:03.567034
256,426,Share,11,2024-06-20 14:15:03.567038
478,635,Comment,12,2024-04-28 14:15:03.567043
339,243,Share,4,2024-09-22 14:15:03.567047
170,46,Like,2,2024-07-08 14:15:03.567052
651,372,Share,2,2024-07-12 14:15:03.567056
663,150,Share,18,2024-09-25 14:15:03.567061
92,684,Comment,10,2024-10-28 14:15:03.567065
569,568,Share,17,2024-12-20 14:15:03.567070
162,307,Comment,2,2024-10-31 14:15:03.567074
260,196,Comment,15,2024-10-19 14:15:03.567079
191,252,Comment,16,2024-05-26 14:15:03.567083
690,189,Like,16,2025-01-16 14:15:03.567087
258,577,Comment,13,2024-10-25 14:15:03.567094
76,18,Share,15,2024-07-14 14:15:03.567099
77,175,Like,3,2025-02-18 14:15:03.567103
509,121,Like,15,2024-07-18 14:15:03.567108
295,9,Comment,3,2025-02-01 14:15:03.567113
282,531,Share,7,2024-12-18 14:15:03.567118
285,390,Like,19,2024-10-15 14:15:03.567122
61,248,Comment,15,2025-04-11 14:15:03.567127
16,281,Comment,10,2024-06-30 14:15:03.567133
588,600,Share,2,2024-09-25 14:15:03.567141
52,477,Share,11,2024-10-05 14:15:03.567148
450,26,Share,7,2024-11-03 14:15:03.567156
92,356,Comment,13,2025-01-26 14:15:03.567164
407,700,Comment,11,2025-03-17 14:15:03.567169
38,187,Comment,17,2024-08-06 14:15:03.567173
687,268,Share,15,2025-01-05 14:15:03.567178
425,235,Share,18,2025-02-08 14:15:03.567182
116,99,Like,16,2025-01-14 14:15:03.567187
434,109,Share,9,2024-09-16 14:15:03.567191
50,122,Share,7,2025-03-02 14:15:03.567196
256,545,Comment,8,2024-10-27 14:15:03.567200
32,580,Share,13,2025-03-05 14:15:03.567205
536,71,Like,2,2024-05-30 14:15:03.567209
89,161,Share,17,2024-05-30 14:15:03.567214
461,222,Comment,9,2024-08-04 14:15:03.567218
532,695,Comment,14,2024-08-30 14:15:03.567224
567,288,Share,6,2024-06-01 14:15:03.567229
441,93,Comment,10,2024-06-11 14:15:03.567233
50,288,Comment,14,2025-04-08 14:15:03.567238
66,351,Comment,19,2025-04-02 14:15:03.567242
498,555,Like,3,2024-12-14 14:15:03.567247
398,19,Like,13,2024-10-19 14:15:03.567251
604,61,Comment,16,2024-05-31 14:15:03.567255
189,409,Comment,16,2025-02-09 14:15:03.567260
199,439,Comment,17,2024-11-30 14:15:03.567264
74,529,Comment,10,2025-03-17 14:15:03.567269
417,81,Like,4,2025-01-19 14:15:03.567273
124,150,Comment,12,2024-07-31 14:15:03.567278
504,249,Share,7,2025-02-08 14:15:03.567283
574,489,Like,2,2024-11-17 14:15:03.567287
509,170,Comment,13,2024-08-18 14:15:03.567291
241,171,Like,4,2024-11-02 14:15:03.567296
524,478,Like,12,2024-07-17 14:15:03.567300
343,436,Like,9,2024-06-03 14:15:03.567305
373,414,Share,1,2024-09-14 14:15:03.567309
687,620,Like,4,2025-01-01 14:15:03.567314
337,262,Like,6,2025-01-27 14:15:03.567318
159,689,Share,19,2025-01-26 14:15:03.567324
516,549,Share,7,2024-06-16 14:15:03.567329
310,369,Share,8,2024-09-09 14:15:03.567333
87,99,Like,11,2024-08-22 14:15:03.567338
98,681,Share,13,2025-03-21 14:15:03.567342
346,166,Like,18,2025-02-26 14:15:03.567347
634,93,Comment,18,2024-10-03 14:15:03.567351
536,164,Like,18,2024-09-25 14:15:03.567356
579,538,Comment,9,2024-08-18 14:15:03.567360
531,655,Like,3,2024-11-27 14:15:03.567367
197,663,Share,1,2025-01-28 14:15:03.567372
343,470,Comment,14,2025-02-11 14:15:03.567377
85,536,Share,4,2025-02-12 14:15:03.567381
580,121,Share,9,2024-08-30 14:15:03.567386
420,603,Share,17,2024-10-20 14:15:03.567391
513,501,Share,17,2025-02-08 14:15:03.567398
362,166,Like,2,2024-05-06 14:15:03.567406
276,199,Share,16,2024-05-29 14:15:03.567413
272,551,Comment,7,2024-08-27 14:15:03.567422
338,672,Share,18,2024-08-25 14:15:03.567427
486,330,Share,14,2024-08-25 14:15:03.567432
514,248,Comment,5,2024-08-25 14:15:03.567436
394,483,Like,17,2024-11-30 14:15:03.567441
55,290,Like,14,2024-11-14 14:15:03.567445
155,420,Share,6,2024-10-05 14:15:03.567450
342,331,Comment,13,2024-12-21 14:15:03.567454
132,198,Comment,11,2025-01-14 14:15:03.567459
543,547,Share,4,2024-09-05 14:15:03.567463
68,629,Like,15,2024-05-28 14:15:03.567578
414,60,Share,4,2024-08-31 14:15:03.567589
465,262,Comment,8,2024-10-28 14:15:03.567594
579,566,Comment,5,2024-09-22 14:15:03.567600
479,268,Like,9,2024-10-09 14:15:03.567604
125,697,Comment,7,2024-05-16 14:15:03.567609
329,685,Like,11,2025-03-13 14:15:03.567613
385,178,Like,12,2024-11-30 14:15:03.567618
310,298,Comment,1,2025-01-26 14:15:03.567622
329,212,Share,18,2024-06-01 14:15:03.567627
659,211,Comment,12,2024-10-12 14:15:03.567631
506,580,Like,11,2024-06-14 14:15:03.567636
119,298,Like,7,2025-04-25 14:15:03.567640
598,188,Share,17,2024-06-30 14:15:03.567645
47,253,Comment,3,2024-05-20 14:15:03.567649
49,15,Comment,17,2025-04-06 14:15:03.567654
75,246,Comment,9,2024-08-18 14:15:03.567658
233,39,Comment,12,2025-03-06 14:15:03.567663
529,440,Share,4,2024-05-14 14:15:03.567667
425,611,Share,2,2024-05-08 14:15:03.567672
410,40,Share,19,2025-03-04 14:15:03.567676
469,601,Like,10,2024-12-30 14:15:03.567680
162,476,Like,10,2025-04-14 14:15:03.567685
354,687,Comment,12,2024-12-19 14:15:03.567689
278,121,Comment,2,2025-02-11 14:15:03.567694
67,208,Share,12,2024-06-08 14:15:03.567698
21,673,Like,18,2025-02-06 14:15:03.567703
519,45,Like,12,2024-10-04 14:15:03.567707
131,473,Share,6,2024-11-04 14:15:03.567712
589,356,Comment,6,2024-12-29 14:15:03.567716
546,505,Comment,12,2024-08-15 14:15:03.567720
217,236,Share,8,2024-09-06 14:15:03.567725
315,60,Share,10,2024-12-16 14:15:03.567729
483,417,Like,13,2024-09-03 14:15:03.567734
697,115,Share,2,2024-06-28 14:15:03.567739
382,695,Share,7,2024-06-28 14:15:03.567744
283,241,Comment,14,2025-04-23 14:15:03.567750
144,374,Comment,2,2025-03-21 14:15:03.567754
212,486,Comment,2,2024-07-06 14:15:03.567758
692,136,Comment,16,2025-04-11 14:15:03.567763
513,412,Comment,8,2025-04-19 14:15:03.567767
595,557,Comment,19,2025-02-01 14:15:03.567772
521,161,Share,12,2024-07-30 14:15:03.567776
361,490,Comment,12,2024-12-13 14:15:03.567794
179,391,Comment,9,2024-11-20 14:15:03.567802
206,169,Like,15,2024-07-06 14:15:03.567811
207,18,Like,1,2025-04-05 14:15:03.567817
308,637,Comment,15,2024-08-05 14:15:03.567822
304,352,Share,19,2025-01-18 14:15:03.567826
438,175,Like,14,2024-08-31 14:15:03.567831
152,360,Share,3,2025-04-05 14:15:03.567835
435,452,Comment,18,2025-03-20 14:15:03.567840
170,289,Comment,8,2024-06-24 14:15:03.567844
75,353,Comment,6,2025-04-10 14:15:03.567849
697,60,Share,14,2024-08-16 14:15:03.567853
84,681,Like,5,2024-09-13 14:15:03.567858
292,158,Share,13,2024-09-26 14:15:03.567866
397,684,Share,11,2025-02-07 14:15:03.567875
267,245,Like,17,2025-01-28 14:15:03.567881
681,311,Share,4,2024-10-09 14:15:03.567885
306,149,Share,15,2025-03-20 14:15:03.567890
30,266,Like,4,2024-06-15 14:15:03.567894
543,477,Share,8,2024-05-05 14:15:03.567899
476,292,Like,12,2024-12-22 14:15:03.567904
34,229,Share,19,2024-11-15 14:15:03.567908
256,213,Comment,16,2025-04-10 14:15:03.567913
648,29,Like,8,2024-07-10 14:15:03.567917
190,652,Like,13,2024-05-18 14:15:03.567922
362,676,Like,1,2024-07-27 14:15:03.567926
353,276,Like,7,2024-11-16 14:15:03.567931
694,423,Like,8,2024-10-14 14:15:03.567935
346,427,Comment,9,2024-05-10 14:15:03.567940
159,393,Like,8,2024-10-27 14:15:03.567945
640,379,Share,1,2024-12-07 14:15:03.567949
315,358,Like,18,2024-06-19 14:15:03.567954
244,359,Comment,10,2025-04-24 14:15:03.567958
179,428,Like,10,2024-10-23 14:15:03.567963
493,481,Comment,10,2025-01-23 14:15:03.567967
366,534,Comment,17,2025-02-05 14:15:03.567972
556,147,Share,19,2024-09-05 14:15:03.567976
312,204,Comment,18,2025-04-12 14:15:03.567981
152,317,Share,6,2024-08-16 14:15:03.567985
563,617,Share,10,2025-03-21 14:15:03.567990
172,213,Share,16,2024-08-25 14:15:03.567995
405,54,Share,11,2025-03-11 14:15:03.567999
193,243,Like,12,2024-09-21 14:15:03.568003
3,199,Share,19,2025-02-16 14:15:03.568009
556,595,Share,15,2024-06-26 14:15:03.568013
558,437,Share,18,2025-03-12 14:15:03.568018
66,517,Comment,5,2024-07-22 14:15:03.568023
110,144,Like,14,2024-05-04 14:15:03.568027
102,654,Like,18,2024-12-19 14:15:03.568032
689,690,Like,1,2025-04-01 14:15:03.568036
196,6,Share,17,2024-08-17 14:15:03.568041
633,280,Like,9,2024-12-03 14:15:03.568049
65,130,Share,12,2024-12-25 14:15:03.568056
134,122,Like,15,2024-09-08 14:15:03.568064
267,375,Share,7,2025-03-08 14:15:03.568069
137,61,Share,14,2024-07-23 14:15:03.568074
301,663,Comment,11,2024-12-11 14:15:03.568078
483,392,Share,17,2025-01-31 14:15:03.568083
157,417,Share,15,2024-12-08 14:15:03.568087
450,581,Share,6,2024-10-09 14:15:03.568092
49,648,Share,17,2024-12-29 14:15:03.568096
649,700,Comment,18,2025-02-27 14:15:03.568101
617,673,Comment,1,2024-05-25 14:15:03.568105
626,69,Comment,15,2024-10-17 14:15:03.568110
528,204,Like,9,2024-08-30 14:15:03.568114
44,31,Share,12,2024-07-03 14:15:03.568119
560,483,Comment,10,2024-08-14 14:15:03.568123
282,270,Like,16,2024-12-05 14:15:03.568128
385,331,Like,10,2025-02-04 14:15:03.568133
662,624,Like,13,2024-09-10 14:15:03.568137
671,295,Share,4,2024-06-16 14:15:03.568142
212,336,Comment,8,2024-08-22 14:15:03.568146
306,228,Comment,16,2024-08-27 14:15:03.568151
210,133,Comment,18,2024-07-26 14:15:03.568155
135,133,Share,5,2024-12-11 14:15:03.568163
482,25,Comment,10,2025-01-30 14:15:03.568168
536,306,Like,12,2024-05-11 14:15:03.568173
87,431,Comment,13,2024-07-22 14:15:03.568177
555,680,Comment,2,2024-10-11 14:15:03.568182
602,330,Like,16,2025-02-07 14:15:03.568186
402,435,Like,7,2025-02-23 14:15:03.568191
667,278,Like,8,2024-07-27 14:15:03.568195
447,77,Share,4,2025-02-09 14:15:03.568200
129,224,Like,17,2025-01-06 14:15:03.568204
410,406,Like,5,2024-06-29 14:15:03.568212
302,119,Like,15,2025-03-11 14:15:03.568219
306,108,Comment,19,2025-03-07 14:15:03.568227
682,428,Comment,2,2024-06-14 14:15:03.568234
556,677,Share,19,2024-11-02 14:15:03.568243
688,343,Comment,17,2024-08-30 14:15:03.568247
276,498,Comment,1,2025-04-25 14:15:03.568252
208,494,Like,15,2024-10-26 14:15:03.568256
359,696,Share,1,2024-08-01 14:15:03.568263
187,519,Like,7,2025-02-24 14:15:03.568267
160,547,Comment,4,2024-09-15 14:15:03.568272
502,365,Share,5,2024-06-23 14:15:03.568276
373,657,Share,12,2025-01-14 14:15:03.568281
246,468,Share,3,2024-09-25 14:15:03.568285
115,522,Comment,19,2024-05-31 14:15:03.568289
79,294,Share,15,2024-06-01 14:15:03.568294
3,601,Like,14,2024-12-19 14:15:03.568299
541,520,Share,6,2024-09-29 14:15:03.568303
150,279,Share,10,2024-11-10 14:15:03.568308
629,636,Share,12,2025-01-28 14:15:03.568312
131,281,Comment,8,2024-08-27 14:15:03.568316
653,179,Comment,14,2025-02-19 14:15:03.568321
222,532,Like,3,2024-08-19 14:15:03.568325
451,485,Share,9,2025-04-25 14:15:03.568329
248,247,Comment,7,2024-10-27 14:15:03.568334
528,168,Share,5,2024-09-28 14:15:03.568338
368,573,Share,16,2024-05-07 14:15:03.568343
620,469,Share,1,2025-02-19 14:15:03.568347
212,626,Like,9,2024-05-07 14:15:03.568352
267,88,Comment,2,2024-11-16 14:15:03.568356
286,162,Share,10,2024-05-09 14:15:03.568360
68,568,Share,1,2024-06-24 14:15:03.568365
161,671,Like,15,2024-10-17 14:15:03.568370
495,669,Share,5,2025-02-03 14:15:03.568374
461,521,Comment,9,2024-08-02 14:15:03.568378
491,380,Share,17,2024-06-07 14:15:03.568383
209,675,Comment,13,2025-03-02 14:15:03.568388
478,584,Like,18,2024-06-15 14:15:03.568392
184,96,Like,3,2024-05-22 14:15:03.568397
97,545,Like,11,2025-01-11 14:15:03.568402
514,449,Like,17,2025-04-07 14:15:03.568406
695,266,Share,12,2024-11-06 14:15:03.568410
358,439,Share,15,2024-07-22 14:15:03.568415
647,633,Share,3,2024-10-02 14:15:03.568419
113,582,Like,4,2024-11-22 14:15:03.568424
513,141,Share,14,2024-11-26 14:15:03.568430
564,417,Comment,18,2025-03-07 14:15:03.568435
230,395,Comment,12,2024-12-20 14:15:03.568439
258,273,Share,1,2024-05-17 14:15:03.568444
547,126,Like,14,2024-07-03 14:15:03.568448
558,62,Like,5,2024-12-07 14:15:03.568453
62,16,Comment,6,2025-01-16 14:15:03.568457
389,79,Comment,17,2024-09-26 14:15:03.568462
582,237,Like,16,2024-05-20 14:15:03.568466
134,307,Share,14,2024-07-28 14:15:03.568471
124,341,Share,12,2024-09-18 14:15:03.568476
603,13,Share,2,2025-01-25 14:15:03.568480
197,39,Comment,11,2025-01-24 14:15:03.568484
281,388,Like,9,2024-09-23 14:15:03.568489
688,3,Like,5,2024-05-10 14:15:03.568493
120,95,Share,9,2024-12-28 14:15:03.568498
656,144,Share,11,2025-01-28 14:15:03.568503
83,27,Like,3,2024-05-17 14:15:03.568507
17,182,Share,8,2024-07-14 14:15:03.568512
526,453,Share,14,2025-02-21 14:15:03.568517
638,504,Share,17,2025-04-26 14:15:03.568521
337,534,Share,1,2025-01-24 14:15:03.568526
464,296,Share,14,2024-09-03 14:15:03.568530
554,643,Like,9,2024-10-28 14:15:03.568535
606,659,Like,8,2024-12-25 14:15:03.568539
7,316,Share,18,2024-08-19 14:15:03.568544
158,291,Share,5,2025-02-26 14:15:03.568549
559,336,Comment,4,2024-07-10 14:15:03.568553
358,73,Like,2,2024-05-05 14:15:03.568558
573,18,Like,12,2025-02-21 14:15:03.568562
640,490,Like,11,2024-06-29 14:15:03.568567
132,668,Share,8,2024-05-21 14:15:03.568572
3,235,Like,9,2024-07-02 14:15:03.568576
489,237,Like,6,2024-05-12 14:15:03.568581
40,164,Share,5,2025-01-11 14:15:03.568585
672,347,Comment,13,2024-07-04 14:15:03.568590
56,93,Like,4,2024-06-22 14:15:03.568595
133,91,Comment,3,2024-06-04 14:15:03.568599
321,131,Comment,5,2025-04-13 14:15:03.568604
24,33,Like,12,2024-10-18 14:15:03.568608
180,226,Share,3,2025-04-25 14:15:03.568613
609,596,Like,17,2024-09-04 14:15:03.568617
532,249,Like,18,2024-10-08 14:15:03.568622
681,686,Share,18,2024-12-28 14:15:03.568629
573,507,Share,6,2024-06-26 14:15:03.568637
467,579,Like,14,2024-08-11 14:15:03.568644
593,587,Like,13,2024-06-16 14:15:03.568652
320,189,Like,18,2025-02-24 14:15:03.568658
203,79,Comment,12,2024-08-29 14:15:03.568663
511,55,Like,15,2024-06-01 14:15:03.568667
242,222,Like,10,2024-07-07 14:15:03.568672
694,459,Like,11,2024-08-19 14:15:03.568676
469,119,Share,13,2025-03-12 14:15:03.568681
654,283,Share,6,2024-06-29 14:15:03.568685
161,614,Comment,19,2024-10-25 14:15:03.568690
204,394,Share,18,2025-01-29 14:15:03.568694
375,440,Share,5,2024-05-14 14:15:03.568699
549,565,Comment,13,2025-03-31 14:15:03.568703
623,291,Like,6,2024-12-13 14:15:03.568708
70,513,Comment,1,2025-01-13 14:15:03.568712
527,362,Comment,6,2024-08-16 14:15:03.568717
275,228,Share,5,2024-06-10 14:15:03.568721
597,230,Like,3,2024-12-09 14:15:03.568726
599,274,Like,18,2025-02-07 14:15:03.568730
433,259,Share,11,2024-09-06 14:15:03.568735
421,408,Comment,16,2025-01-22 14:15:03.568740
199,443,Share,6,2024-08-01 14:15:03.568745
181,436,Like,7,2024-04-28 14:15:03.568749
401,585,Share,9,2025-04-09 14:15:03.568754
654,277,Comment,19,2024-07-29 14:15:03.568758
348,502,Comment,17,2025-03-04 14:15:03.568763
524,515,Comment,16,2024-06-12 14:15:03.568768
230,16,Like,18,2025-02-19 14:15:03.568772
36,331,Like,5,2024-06-26 14:15:03.568777
671,567,Comment,6,2024-09-12 14:15:03.568781
469,558,Comment,14,2024-05-11 14:15:03.568786
120,388,Comment,5,2024-11-30 14:15:03.568790
499,663,Like,1,2024-04-30 14:15:03.568795
60,222,Comment,7,2024-09-13 14:15:03.568800
652,38,Comment,11,2025-01-14 14:15:03.568804
451,315,Share,6,2024-12-03 14:15:03.568809
666,186,Like,15,2024-08-20 14:15:03.568813
547,358,Comment,9,2024-08-31 14:15:03.568818
513,225,Like,12,2025-04-13 14:15:03.568822
230,514,Comment,4,2024-09-13 14:15:03.568827
148,645,Comment,19,2025-04-01 14:15:03.568831
563,506,Like,13,2024-06-21 14:15:03.568836
316,515,Share,16,2024-07-03 14:15:03.568840
680,596,Comment,18,2024-11-30 14:15:03.568845
160,607,Comment,17,2025-01-25 14:15:03.568849
659,392,Comment,6,2024-12-20 14:15:03.568854
21,573,Share,9,2024-11-22 14:15:03.568858
176,418,Like,2,2024-05-11 14:15:03.568863
251,536,Comment,8,2024-06-17 14:15:03.568868
583,312,Comment,1,2025-04-11 14:15:03.568872
396,398,Share,5,2024-09-07 14:15:03.568877
275,69,Share,19,2024-05-11 14:15:03.568881
396,362,Share,19,2024-06-06 14:15:03.568886
538,1,Comment,11,2025-04-15 14:15:03.568891
322,9,Like,12,2024-09-29 14:15:03.568895
165,698,Share,18,2024-06-20 14:15:03.568900
603,506,Comment,17,2025-02-13 14:15:03.568905
534,10,Comment,10,2024-10-10 14:15:03.568909
402,354,Share,1,2024-12-22 14:15:03.568914
425,562,Comment,9,2024-05-23 14:15:03.568918
526,699,Like,9,2024-11-10 14:15:03.568923
281,565,Comment,1,2024-08-06 14:15:03.568927
664,401,Like,11,2025-01-11 14:15:03.568932
22,538,Share,13,2024-11-26 14:15:03.568937
526,47,Share,12,2024-11-07 14:15:03.568941
678,616,Comment,16,2024-10-31 14:15:03.568946
342,670,Comment,14,2025-01-21 14:15:03.568950
124,17,Comment,10,2024-12-14 14:15:03.568955
427,339,Like,12,2024-12-29 14:15:03.568961
215,330,Comment,11,2024-08-26 14:15:03.568966
445,178,Share,12,2024-06-12 14:15:03.568970
61,204,Like,5,2024-12-12 14:15:03.568975
198,563,Comment,11,2025-04-08 14:15:03.568979
523,676,Like,3,2024-11-23 14:15:03.568984
513,516,Comment,18,2024-06-15 14:15:03.568988
40,9,Comment,7,2025-02-24 14:15:03.568993
99,510,Share,17,2024-05-25 14:15:03.568997
277,39,Comment,5,2024-12-21 14:15:03.569002
439,425,Like,9,2024-09-06 14:15:03.569007
576,71,Like,1,2024-06-11 14:15:03.569011
179,256,Share,18,2024-12-20 14:15:03.569016
464,151,Share,17,2025-02-11 14:15:03.569020
98,248,Like,11,2024-10-03 14:15:03.569025
98,513,Like,5,2025-04-04 14:15:03.569029
134,20,Like,17,2024-06-13 14:15:03.569034
478,389,Comment,17,2025-03-10 14:15:03.569038
485,195,Share,18,2024-11-08 14:15:03.569043
100,436,Share,13,2025-04-03 14:15:03.569047
196,310,Share,18,2024-05-23 14:15:03.569052
430,552,Comment,1,2024-09-23 14:15:03.569056
338,407,Comment,2,2025-01-30 14:15:03.569061
444,18,Comment,18,2024-11-25 14:15:03.569065
239,464,Comment,4,2024-12-01 14:15:03.569070
23,235,Like,13,2025-03-05 14:15:03.569076
20,517,Comment,7,2024-05-10 14:15:03.569084
642,136,Like,13,2025-01-27 14:15:03.569092
344,193,Comment,19,2025-03-12 14:15:03.569098
137,614,Like,5,2024-09-28 14:15:03.569103
225,260,Share,1,2025-03-20 14:15:03.569107
247,561,Comment,18,2024-07-08 14:15:03.569112
338,619,Like,5,2024-11-22 14:15:03.569116
32,627,Share,12,2025-03-03 14:15:03.569121
193,606,Share,14,2024-11-15 14:15:03.569125
293,249,Like,3,2025-03-29 14:15:03.569129
690,190,Share,15,2024-09-23 14:15:03.569135
150,542,Like,17,2024-11-25 14:15:03.569139
5,71,Like,6,2024-12-14 14:15:03.569144
348,366,Comment,11,2025-02-01 14:15:03.569148
70,70,Share,5,2024-08-31 14:15:03.569153
261,455,Comment,1,2024-09-16 14:15:03.569157
93,678,Like,17,2025-01-17 14:15:03.569162
71,569,Share,11,2024-07-25 14:15:03.569166
421,351,Share,5,2024-10-15 14:15:03.569171
76,108,Share,11,2024-06-04 14:15:03.569175
241,593,Share,3,2024-10-11 14:15:03.569180
522,1,Like,11,2024-08-20 14:15:03.569184
555,62,Share,19,2024-07-15 14:15:03.569188
327,575,Share,17,2024-09-20 14:15:03.569193
621,222,Like,8,2024-05-19 14:15:03.569198
227,148,Like,13,2025-02-13 14:15:03.569202
327,299,Share,2,2024-08-13 14:15:03.569207
350,162,Comment,10,2024-12-12 14:15:03.569211
107,230,Like,7,2024-08-05 14:15:03.569216
164,371,Like,9,2024-05-18 14:15:03.569221
609,446,Comment,16,2024-11-16 14:15:03.569226
265,105,Comment,8,2025-01-16 14:15:03.569230
577,28,Comment,3,2025-01-31 14:15:03.569235
619,429,Like,8,2024-10-04 14:15:03.569239
35,692,Comment,9,2024-06-22 14:15:03.569244
344,512,Comment,4,2025-04-16 14:15:03.569248
231,578,Comment,6,2025-02-04 14:15:03.569253
393,238,Like,6,2024-05-14 14:15:03.569257
421,647,Like,4,2024-07-09 14:15:03.569262
253,397,Share,14,2024-11-09 14:15:03.569267
26,270,Like,12,2025-04-14 14:15:03.569271
327,437,Comment,17,2024-10-01 14:15:03.569276
391,334,Share,8,2024-04-28 14:15:03.569280
604,272,Like,1,2024-05-30 14:15:03.569286
66,550,Comment,5,2024-09-16 14:15:03.569294
159,454,Comment,14,2025-03-24 14:15:03.569302
172,314,Comment,19,2024-11-19 14:15:03.569309
467,46,Share,13,2025-02-02 14:15:03.569317
697,500,Like,18,2024-10-22 14:15:03.569323
4,67,Like,15,2024-05-04 14:15:03.569327
239,221,Comment,4,2024-10-13 14:15:03.569332
47,610,Share,6,2024-07-15 14:15:03.569336
254,93,Share,12,2024-08-11 14:15:03.569341
140,566,Comment,15,2024-08-21 14:15:03.569345
89,269,Share,19,2024-11-26 14:15:03.569350
266,282,Share,4,2024-05-21 14:15:03.569354
522,490,Like,4,2025-01-04 14:15:03.569359
573,629,Like,6,2024-08-19 14:15:03.569363
134,99,Like,10,2025-01-10 14:15:03.569367
388,63,Comment,5,2024-12-28 14:15:03.569372
699,297,Comment,4,2024-08-11 14:15:03.569376
4,670,Comment,14,2024-08-29 14:15:03.569381
454,164,Share,19,2024-12-17 14:15:03.569386
70,521,Share,12,2024-10-27 14:15:03.569390
434,411,Like,18,2024-10-09 14:15:03.569395
608,242,Share,15,2024-08-17 14:15:03.569399
171,657,Comment,8,2024-07-26 14:15:03.569404
130,68,Like,13,2025-02-06 14:15:03.569409
11,534,Like,18,2024-07-25 14:15:03.569413
296,504,Like,3,2025-04-11 14:15:03.569418
363,209,Share,15,2025-02-11 14:15:03.569422
274,453,Share,13,2024-12-14 14:15:03.569427
200,233,Comment,4,2024-10-27 14:15:03.569431
64,273,Like,17,2025-02-17 14:15:03.569436
112,327,Share,1,2025-03-20 14:15:03.569443
149,203,Share,18,2024-06-07 14:15:03.569448
295,421,Share,3,2024-11-30 14:15:03.569453
280,213,Comment,11,2024-12-06 14:15:03.569458
546,200,Share,2,2024-05-20 14:15:03.569462
497,155,Share,12,2025-03-29 14:15:03.569467
293,411,Share,10,2024-05-30 14:15:03.569471
141,396,Share,7,2024-06-20 14:15:03.569476
215,213,Like,8,2024-07-20 14:15:03.569480
199,239,Like,1,2024-07-30 14:15:03.569485
137,368,Like,12,2024-06-29 14:15:03.569490
244,486,Like,13,2024-12-24 14:15:03.569494
530,287,Like,15,2024-10-18 14:15:03.569499
2,534,Comment,11,2024-05-30 14:15:03.569503
465,169,Share,1,2024-07-06 14:15:03.569508
236,399,Comment,16,2024-12-22 14:15:03.569513
277,485,Like,3,2024-05-03 14:15:03.569517
90,347,Comment,6,2024-06-11 14:15:03.569523
609,118,Comment,11,2024-08-09 14:15:03.569531
438,280,Share,16,2024-12-21 14:15:03.569538
198,584,Comment,16,2024-05-27 14:15:03.569546
315,373,Comment,2,2024-10-21 14:15:03.569550
21,640,Like,2,2024-10-23 14:15:03.569555
436,379,Share,5,2024-08-30 14:15:03.569559
686,588,Share,7,2025-03-07 14:15:03.569564
338,622,Comment,8,2024-10-03 14:15:03.569568
440,501,Share,8,2024-10-11 14:15:03.569573
678,328,Share,6,2024-08-02 14:15:03.569577
199,24,Share,2,2024-11-17 14:15:03.569582
84,44,Like,5,2024-07-06 14:15:03.569586
697,369,Share,13,2024-09-15 14:15:03.569591
632,671,Like,3,2024-12-08 14:15:03.569595
361,339,Share,3,2024-12-07 14:15:03.569600
677,363,Comment,13,2024-05-06 14:15:03.569604
577,358,Like,15,2024-12-05 14:15:03.569609
367,246,Comment,10,2024-07-21 14:15:03.569613
375,468,Comment,10,2024-06-19 14:15:03.569618
68,1,Comment,7,2025-02-10 14:15:03.569622
337,325,Comment,8,2024-12-09 14:15:03.569627
584,421,Share,13,2025-01-16 14:15:03.569631
680,44,Comment,9,2025-02-22 14:15:03.569636
529,38,Like,19,2024-06-16 14:15:03.569640
696,594,Comment,17,2024-08-28 14:15:03.569645
235,541,Like,16,2024-05-27 14:15:03.569650
690,551,Like,6,2024-09-15 14:15:03.569655
457,413,Comment,3,2024-10-11 14:15:03.569659
337,592,Share,5,2024-12-18 14:15:03.569663
487,398,Comment,1,2024-09-29 14:15:03.569668
528,98,Like,9,2025-03-15 14:15:03.569672
418,584,Comment,19,2025-01-22 14:15:03.569677
584,398,Share,19,2024-07-03 14:15:03.569681
407,154,Share,8,2024-12-11 14:15:03.569686
259,266,Comment,19,2024-07-17 14:15:03.569690
223,251,Comment,10,2024-10-20 14:15:03.569696
79,197,Share,5,2024-05-13 14:15:03.569704
2,604,Share,6,2024-06-11 14:15:03.569712
328,122,Like,3,2024-08-22 14:15:03.569721
54,608,Share,18,2024-10-05 14:15:03.569726
397,71,Comment,18,2024-06-25 14:15:03.569731
16,585,Comment,7,2025-01-09 14:15:03.569735
635,337,Share,8,2024-05-17 14:15:03.569740
640,318,Like,16,2024-10-14 14:15:03.569744
337,184,Share,18,2025-04-18 14:15:03.569749
524,27,Comment,17,2025-03-18 14:15:03.569753
62,501,Share,16,2025-03-19 14:15:03.569758
15,538,Like,5,2024-05-08 14:15:03.569762
151,613,Like,16,2025-02-23 14:15:03.569767
680,256,Comment,1,2025-03-16 14:15:03.569773
665,525,Like,2,2025-03-03 14:15:03.569781
87,323,Comment,3,2025-02-18 14:15:03.569788
692,697,Like,9,2024-06-20 14:15:03.569797
421,492,Comment,8,2025-01-07 14:15:03.569801
596,439,Comment,17,2024-11-04 14:15:03.569806
682,394,Share,18,2025-02-02 14:15:03.569810
581,167,Like,19,2025-01-27 14:15:03.569815
322,30,Comment,6,2024-11-15 14:15:03.569819
569,249,Comment,1,2024-12-13 14:15:03.569823
136,497,Share,10,2025-02-24 14:15:03.569828
293,374,Comment,18,2025-04-08 14:15:03.569832
432,441,Comment,13,2025-03-09 14:15:03.569837
331,568,Like,8,2024-08-02 14:15:03.569841
416,20,Like,16,2024-12-08 14:15:03.569845
623,215,Share,7,2024-06-20 14:15:03.569850
194,149,Share,17,2024-07-23 14:15:03.569854
643,44,Like,6,2024-11-19 14:15:03.569859
433,501,Like,2,2024-11-12 14:15:03.569863
463,300,Like,14,2025-03-26 14:15:03.569868
580,93,Like,14,2024-07-12 14:15:03.569873
419,203,Share,19,2024-06-13 14:15:03.569878
16,104,Share,14,2024-05-13 14:15:03.569883
663,572,Like,13,2024-08-17 14:15:03.569887
385,404,Like,15,2024-06-29 14:15:03.569891
587,392,Comment,11,2024-05-24 14:15:03.569896
19,155,Like,9,2024-08-20 14:15:03.569901
303,217,Like,12,2024-07-22 14:15:03.569905
572,668,Comment,10,2024-11-29 14:15:03.569910
173,546,Comment,5,2024-08-21 14:15:03.569914
529,619,Share,14,2024-11-14 14:15:03.569918
635,386,Comment,12,2024-10-10 14:15:03.569923
337,171,Share,13,2024-05-27 14:15:03.569928
605,234,Share,4,2025-02-07 14:15:03.569933
136,595,Like,13,2025-04-01 14:15:03.569937
44,152,Share,10,2024-05-23 14:15:03.569941
143,32,Share,2,2025-04-17 14:15:03.569946
418,582,Share,1,2025-03-05 14:15:03.569950
36,47,Share,6,2024-08-05 14:15:03.569955
187,61,Share,3,2025-04-24 14:15:03.569960
21,641,Comment,11,2025-02-19 14:15:03.569964
191,32,Share,13,2024-12-10 14:15:03.569968
139,188,Like,12,2024-07-09 14:15:03.569973
568,408,Like,16,2024-12-21 14:15:03.569978
313,305,Like,14,2025-02-01 14:15:03.569983
438,636,Comment,18,2024-11-22 14:15:03.569990
648,153,Share,18,2024-12-24 14:15:03.569995
469,659,Share,17,2024-05-11 14:15:03.569999
455,181,Share,14,2024-06-08 14:15:03.570004
83,632,Like,11,2024-07-30 14:15:03.570009
608,640,Like,4,2024-09-09 14:15:03.570013
269,460,Share,1,2024-08-29 14:15:03.570018
277,549,Comment,10,2024-05-03 14:15:03.570022
107,501,Share,2,2025-04-22 14:15:03.570027
680,651,Share,9,2024-10-24 14:15:03.570031
403,606,Like,12,2024-06-09 14:15:03.570036
411,210,Share,1,2024-11-21 14:15:03.570040
83,284,Comment,17,2024-10-21 14:15:03.570045
544,284,Comment,14,2024-09-17 14:15:03.570049
28,121,Share,15,2024-07-07 14:15:03.570054
103,28,Like,16,2024-05-19 14:15:03.570058
382,411,Like,9,2024-08-26 14:15:03.570063
320,393,Share,17,2024-12-26 14:15:03.570067
188,594,Comment,12,2024-08-04 14:15:03.570072
696,143,Comment,3,2025-01-18 14:15:03.570076
260,514,Like,18,2025-01-24 14:15:03.570081
175,122,Like,15,2025-04-05 14:15:03.570085
196,595,Like,9,2024-06-03 14:15:03.570090
400,554,Share,4,2024-07-09 14:15:03.570094
206,380,Comment,5,2024-10-13 14:15:03.570099
363,369,Share,19,2025-03-04 14:15:03.570103
263,222,Comment,17,2024-12-06 14:15:03.570108
